-- MariaDB dump 10.19  Distrib 10.4.18-MariaDB, for Win64 (AMD64)
--
-- Host: mysql-43320-0.cloudclusters.net    Database: savannakhet_university
-- ------------------------------------------------------
-- Server version	8.0.25

/*!40101 SET @OLD_CHARACTER_SET_CLIENT=@@CHARACTER_SET_CLIENT */;
/*!40101 SET @OLD_CHARACTER_SET_RESULTS=@@CHARACTER_SET_RESULTS */;
/*!40101 SET @OLD_COLLATION_CONNECTION=@@COLLATION_CONNECTION */;
/*!40101 SET NAMES utf8mb4 */;
/*!40103 SET @OLD_TIME_ZONE=@@TIME_ZONE */;
/*!40103 SET TIME_ZONE='+00:00' */;
/*!40014 SET @OLD_UNIQUE_CHECKS=@@UNIQUE_CHECKS, UNIQUE_CHECKS=0 */;
/*!40014 SET @OLD_FOREIGN_KEY_CHECKS=@@FOREIGN_KEY_CHECKS, FOREIGN_KEY_CHECKS=0 */;
/*!40101 SET @OLD_SQL_MODE=@@SQL_MODE, SQL_MODE='NO_AUTO_VALUE_ON_ZERO' */;
/*!40111 SET @OLD_SQL_NOTES=@@SQL_NOTES, SQL_NOTES=0 */;

--
-- Table structure for table `document`
--

DROP TABLE IF EXISTS `document`;
/*!40101 SET @saved_cs_client     = @@character_set_client */;
/*!40101 SET character_set_client = utf8 */;
CREATE TABLE `document` (
  `id` int NOT NULL AUTO_INCREMENT,
  `title` varchar(255) NOT NULL,
  `detail` text NOT NULL,
  `links` text NOT NULL,
  `link_edit` text NOT NULL,
  `time` date NOT NULL,
  PRIMARY KEY (`id`)
) ENGINE=InnoDB AUTO_INCREMENT=8 DEFAULT CHARSET=utf8mb4 COLLATE=utf8mb4_0900_ai_ci;
/*!40101 SET character_set_client = @saved_cs_client */;

--
-- Dumping data for table `document`
--

/*!40000 ALTER TABLE `document` DISABLE KEYS */;
INSERT INTO `document` VALUES (4,'ຄູ່ມືນັກສຶກສາ2018-ສະບັບເຕັມ14new','ແຂວງສະຫວັນນະເຂດເປັນແຂວງໃຫຍjອັນດັບສອງຂອງປະເທດ ແລະ ເປັນແຂວງທີ່ມີພົນລະ','https://drive.google.com/file/d/1TV0qQJVbx4rZdlcTMm4NIFiGA_qbIAax/view?usp=sharing','https://drive.google.com/file/d/1TV0qQJVbx4rZdlcTMm4NIFiGA_qbIAax/view?usp=sharing','2021-08-17'),(7,'ລາຍຊື່ມະຫາຊົນກ້າວໜ້າ','ກຳມະບານຮາກຖານ ສູນໄອທີ ສົກສຶກສາ 2019-2020 ມີຈຳນວນທັງໝົດ 207 ຄົນ, ຍິງ 93 ຄົນ','https://docs.google.com/spreadsheets/d/e/2PACX-1vTr6_SImm317bHED125HR3e-BRwEOEGlVq4qOuz3OD_uSXinhZ3x6nNI4QdrO-lLw/pubhtml','https://docs.google.com/spreadsheets/d/1v5e5risqhtGkqk4zbLqpSGCFAhd2bOiv/edit?usp=sharing&ouid=117632046647818611649&rtpof=true&sd=true','2021-08-17');
/*!40000 ALTER TABLE `document` ENABLE KEYS */;

--
-- Table structure for table `sc1`
--

DROP TABLE IF EXISTS `sc1`;
/*!40101 SET @saved_cs_client     = @@character_set_client */;
/*!40101 SET character_set_client = utf8 */;
CREATE TABLE `sc1` (
  `id` int NOT NULL AUTO_INCREMENT,
  `student_id` int NOT NULL,
  `A` int NOT NULL COMMENT 'ຈິດຕະວິທະຍາພັດທະນາການ',
  `B` int NOT NULL COMMENT 'ຈິດຕະວິທະຍາທົ່ວໄປ',
  `C` int NOT NULL COMMENT 'ການພະຍາບານຊຸມຊົນ 1',
  `D` int NOT NULL COMMENT 'ການພະຍາບານພື້ນຖານ 1',
  `E` int NOT NULL COMMENT 'ກາຍະວິພາກສາດ-ສາລິລະວິທະຍາ 1',
  `F` int NOT NULL COMMENT 'ພາສາອັງກິດ 1',
  `G` int NOT NULL COMMENT 'ແນວຄິດພື້ນຖານ ແລະ ທິດສະດີທາງການພະຍາບານ',
  `S` int NOT NULL COMMENT 'ຈຸລະຊິວະວິທະຍາ-ແມ່ກາຝາກວິທະຍາ',
  `TERM` int NOT NULL,
  `TIME` date NOT NULL,
  PRIMARY KEY (`id`),
  KEY `student_id` (`student_id`),
  CONSTRAINT `sc1_ibfk_1` FOREIGN KEY (`student_id`) REFERENCES `students` (`student_id`) ON DELETE CASCADE ON UPDATE CASCADE
) ENGINE=InnoDB AUTO_INCREMENT=20 DEFAULT CHARSET=utf8mb4 COLLATE=utf8mb4_0900_ai_ci;
/*!40101 SET character_set_client = @saved_cs_client */;

--
-- Dumping data for table `sc1`
--

/*!40000 ALTER TABLE `sc1` DISABLE KEYS */;
INSERT INTO `sc1` VALUES (6,130000,9,7,8,8,8,9,8,7,1,'2021-08-09'),(7,129998,7,6,7,8,7,8,9,9,1,'2021-08-10'),(8,129999,6,7,8,8,8,9,9,9,1,'2021-08-10'),(9,130000,8,5,8,8,8,8,8,8,2,'2021-08-11'),(10,130001,9,6,7,7,7,7,8,8,1,'2021-08-15'),(11,130003,8,7,9,9,9,8,9,8,1,'2021-08-15'),(12,130003,8,7,7,8,7,6,7,7,2,'2021-08-15'),(13,130001,7,8,7,8,7,8,8,7,2,'2021-08-15'),(14,129999,7,8,7,6,7,7,7,6,2,'2021-08-15'),(15,129998,9,8,7,6,7,8,7,8,2,'2021-08-15'),(16,130004,5,6,7,6,7,5,7,8,1,'2021-08-15'),(17,130008,8,8,7,9,7,7,8,7,1,'2021-08-24'),(19,130009,8,6,7,7,7,7,8,9,1,'2021-08-24');
/*!40000 ALTER TABLE `sc1` ENABLE KEYS */;

--
-- Table structure for table `sc2`
--

DROP TABLE IF EXISTS `sc2`;
/*!40101 SET @saved_cs_client     = @@character_set_client */;
/*!40101 SET character_set_client = utf8 */;
CREATE TABLE `sc2` (
  `id` int NOT NULL AUTO_INCREMENT,
  `student_id` int NOT NULL,
  `A` int NOT NULL,
  `B` int NOT NULL,
  `C` int NOT NULL,
  `D` int NOT NULL,
  `E` int NOT NULL,
  `F` int NOT NULL,
  `G` int NOT NULL,
  `S` int NOT NULL,
  `TERM` int NOT NULL,
  `TIME` date NOT NULL,
  PRIMARY KEY (`id`),
  KEY `student_id` (`student_id`),
  CONSTRAINT `sc2_ibfk_1` FOREIGN KEY (`student_id`) REFERENCES `students` (`student_id`) ON DELETE CASCADE ON UPDATE CASCADE
) ENGINE=InnoDB AUTO_INCREMENT=6 DEFAULT CHARSET=utf8mb4 COLLATE=utf8mb4_0900_ai_ci;
/*!40101 SET character_set_client = @saved_cs_client */;

--
-- Dumping data for table `sc2`
--

/*!40000 ALTER TABLE `sc2` DISABLE KEYS */;
INSERT INTO `sc2` VALUES (1,129998,5,5,7,6,7,8,8,8,1,'2021-08-15'),(2,129999,8,7,8,7,8,8,7,8,1,'2021-08-15'),(3,130000,8,8,7,8,7,7,8,8,1,'2021-08-15'),(4,130001,7,8,8,9,8,9,9,9,1,'2021-08-15'),(5,130003,8,8,8,7,8,9,9,8,1,'2021-08-15');
/*!40000 ALTER TABLE `sc2` ENABLE KEYS */;

--
-- Table structure for table `sc3`
--

DROP TABLE IF EXISTS `sc3`;
/*!40101 SET @saved_cs_client     = @@character_set_client */;
/*!40101 SET character_set_client = utf8 */;
CREATE TABLE `sc3` (
  `id` int NOT NULL AUTO_INCREMENT,
  `student_id` int NOT NULL,
  `A` int NOT NULL,
  `B` int NOT NULL,
  `C` int NOT NULL,
  `D` int NOT NULL,
  `E` int NOT NULL,
  `F` int NOT NULL,
  `G` int NOT NULL,
  `S` int NOT NULL,
  `TERM` int NOT NULL,
  `TIME` date NOT NULL,
  PRIMARY KEY (`id`),
  KEY `student_id` (`student_id`),
  CONSTRAINT `sc3_ibfk_1` FOREIGN KEY (`student_id`) REFERENCES `students` (`student_id`) ON DELETE CASCADE ON UPDATE CASCADE
) ENGINE=InnoDB DEFAULT CHARSET=utf8mb4 COLLATE=utf8mb4_0900_ai_ci;
/*!40101 SET character_set_client = @saved_cs_client */;

--
-- Dumping data for table `sc3`
--

/*!40000 ALTER TABLE `sc3` DISABLE KEYS */;
/*!40000 ALTER TABLE `sc3` ENABLE KEYS */;

--
-- Table structure for table `students`
--

DROP TABLE IF EXISTS `students`;
/*!40101 SET @saved_cs_client     = @@character_set_client */;
/*!40101 SET character_set_client = utf8 */;
CREATE TABLE `students` (
  `student_id` int NOT NULL AUTO_INCREMENT,
  `name` varchar(20) NOT NULL,
  `gender` varchar(10) NOT NULL,
  `birth` date NOT NULL,
  `village` varchar(20) NOT NULL,
  `district` varchar(20) NOT NULL,
  `province` varchar(20) NOT NULL,
  `phone` int NOT NULL,
  `subjects` varchar(20) NOT NULL,
  `class1` int NOT NULL,
  `class2` int NOT NULL,
  `class3` int NOT NULL,
  `class4` int NOT NULL,
  PRIMARY KEY (`student_id`)
) ENGINE=InnoDB AUTO_INCREMENT=130605 DEFAULT CHARSET=utf8mb4 COLLATE=utf8mb4_0900_ai_ci;
/*!40101 SET character_set_client = @saved_cs_client */;

--
-- Dumping data for table `students`
--

/*!40000 ALTER TABLE `students` DISABLE KEYS */;
INSERT INTO `students` VALUES (129998,' ເກດສະໜາ ແກ້ວລະວຽງ','ນາງ','1998-09-27','ນາແກ','ໄກ່ສອນ','ສະຫວັນນະເຂດ',2095010422,'ການແພດ',1,2,0,0),(129999,'ກົງໃຈ ເພຍບ່າວນ້ອຍ','ນາງ','1999-12-03','ອຸດົມວິໄລ','ໄກ່ສອນ','ສະຫວັນນະເຂດ',2095313444,'ການແພດ',1,2,0,0),(130000,'ໄກ່ອຳພອນ ແກ້ວຄຳໂພ','ນາງ','2000-05-11','ດອນກອງ','ອຸທຸມພອນ','ສະຫວັນນະເຂດ',209576777,'ການແພດ',1,2,0,0),(130001,'ເຂັມມະລາ ໄຊຍະວົງ','ນາງ','1999-06-26','ນາແກ','ວິລະບູລີ','ສະຫວັນນະເຂດ',2099989882,'ການແພດ',1,2,0,0),(130003,'ສຸດາລັດ ທໍາມະມອນ','ນາງ','0000-00-00','ສະຫວັນ','ນະຄອນໄກສອນ','ສະຫວັນນະເຂດ',55642002,'ການແພດ',1,2,0,0),(130004,'ສຸກສະໄໝ ທໍາມະມອນ','ນາງ','0000-00-00','ສະຫວັນ','ນະຄອນໄກສອນ','ສະຫວັນນະເຂດ',55642002,'ການແພດ',1,0,0,0),(130008,'ກັນຫາ ເພັດສົມບູນ','ທ້າວ','0000-00-00','ໂພນສະຫວັນ','ນະຄອນໄກສອນ','ສະຫວັນນະເຂດ',94144330,'ການແພດ',1,0,0,0),(130009,'ບາງອອນ ພົງສະຫວັດ','ນາງ','0000-00-00','ຊອກ','ນະຄອນໄກສອນ','ສະຫວັນນະເຂດ',55867088,'ການແພດ',1,0,0,0),(130010,'ນາໂຕ້ ເພັດຊົມພູ','ທ້າວ','0000-00-00','ແກ້ງກອກ','ຈໍາພອນ','ສະຫວັນນະເຂດ',93388035,'ການແພດ',1,0,0,0),(130012,'ສຸວັນນະຄອນ ອິນທິສານ','ນາງ','0000-00-00','ສະຫວັນ','ນະຄອນໄກສອນ','ສະຫວັນນະເຂດ',56862631,'ການແພດ',1,0,0,0),(130014,'ລໍາເພີນ ສຸດສະດາຈັນ','ນາງ','0000-00-00','ໜອງສະພັງ','ອຸທຸມພອນ','ສະຫວັນນະເຂດ',99313195,'ການແພດ',1,0,0,0),(130016,'ພອນປະດິດ ເພັງສະຫວັດ','ທ້າວ','0000-00-00','ສະຫວັນ','ນະຄອນໄກສອນ','ສະຫວັນນະເຂດ',52273364,'ການແພດ',1,0,0,0),(130018,'ສຸພາພອນ ອິນທິສານ','ນາງ','0000-00-00','ອຸດົມວິໄລ','ນະຄອນໄກສອນ','ສະຫວັນນະເຂດ',56732863,'ການແພດ',1,0,0,0),(130020,'ສາຍສະໝອນ ໄຊຍະລາດ','ທ້າວ','0000-00-00','ທວດ','ຈໍາພອນ','ສະຫວັນນະເຂດ',93215232,'ການແພດ',1,0,0,0),(130021,'ອະນຸຊາດ ອິນທະວົງ','ທ້າວ','0000-00-00','ມະຫາໄຊ','ມະຫາໄຊ','ຄໍາມ່ວນ',76807437,'ການແພດ',1,0,0,0),(130023,'ວັນວິສາ ເພັດນາຄໍາ','ນາງ','0000-00-00','ດົງຄັນຄູ','ຈໍາພອນ','ສະຫວັນນະເຂດ',94495546,'ການແພດ',1,0,0,0),(130024,'ໃບສີ ມຸນດີ','ນາງ','0000-00-00','ດົງຄັນຄູ','ຈໍາພອນ','ສະຫວັນນະເຂດ',96003024,'ການແພດ',1,0,0,0),(130028,'ສຸນິສາ ໄຊຍະສານ','ນາງ','0000-00-00','ອຸດົມວິໄລ','ນະຄອນໄກສອນ','ສະຫວັນນະເຂດ',58214416,'ການແພດ',1,0,0,0),(130032,'ຈິນດາວົງ ຈັນສີນາ','ນາງ','0000-00-00','ພູຄໍາ','ວິລະ','ສະຫວັນນະເຂດ',97662575,'ການແພດ',1,0,0,0),(130034,'ອິນແປງ ເທບທອງແສນ','ນາງ','0000-00-00','ໂນນສະຫ່ວາງ','ຊົນນະບູລີ','ສະຫວັນນະເຂດ',95505988,'ການແພດ',1,0,0,0),(130035,'ສົມຈິດ ແສງພະທິດ','ທ້າວ','0000-00-00','ດົງທ່າ','ອຸທຸມພອນ','ສະຫວັນນະເຂດ',97676844,'ການແພດ',1,0,0,0),(130037,'ຕ່າຍ ສີບຸນເຮືອງ','ນາງ','0000-00-00','ໂນນຈານ','ສອງຄອນ','ສະຫວັນນະເຂດ',91125751,'ການແພດ',1,0,0,0),(130038,'ສຸກຂີ ລາດນາ','ນາງ','0000-00-00','ໂນນຈານ','ທ່າປາງທອງ','ສະຫວັນນະເຂດ',91745354,'ການແພດ',1,0,0,0),(130039,'ເມລີ ທອງລັດສະໝີ','ນາງ','0000-00-00','ໂນນຈານ','ທ່າປາງທອງ','ສະຫວັນນະເຂດ',54097619,'ການແພດ',1,0,0,0),(130040,'ເຈນຈິລາ ໄຊຍະກຸມມານ','ນາງ','0000-00-00','ດອນຂຽວ','ໜອງບົກ','ຄໍາມ່ວນ',54565960,'ການແພດ',1,0,0,0),(130041,'ແຊນດີ້ ນໍລະພິມ','ນາງ','0000-00-00','ໜອງລົ່ມ','ໜອງບົກ','ຄໍາມ່ວນ',54565960,'ການແພດ',1,0,0,0),(130042,'ທິດດາວັນ ຊຸມພົນພັກດີ','ນາງ','0000-00-00','ແກ້ງກອກ','ຈໍາພອນ','ສະຫວັນນະເຂດ',76752559,'ການແພດ',1,0,0,0),(130043,'ຈັນທອນ ອໍລະວັນ','ນາງ','0000-00-00','ສະໜາມໄຊ','ສອງຄອນ','ສະຫວັນນະເຂດ',95098353,'ການແພດ',1,0,0,0),(130045,'ສຸກສາຄອນ ເລີນພາສຸກ','ທ້າວ','0000-00-00','ອຸດົມວິໄລ','ນະຄອນໄກສອນ','ສະຫວັນນະເຂດ',94325846,'ກາແພດ',1,0,0,0),(130052,'ຕ້ອມ ເພັດສາມາດ','ທ້າວ','0000-00-00','ບຶກທົ່ງ','ຈໍາພອນ','ສະຫວັນນະເຂດ',22627310,'ການແພດ',1,0,0,0),(130053,'ນໍ້າເຜີ້ງ ສຸລິນຊົມພູ','ນາງ','0000-00-00','ໂພນສິມ','ນະຄອນໄກສອນ','ສະຫວັນນະເຂດ',22611188,'ການແພດ',1,0,0,0),(130055,'ອອນອານົງ ກຸນນຸວົງ','ນາງ','0000-00-00','ອາດສະພອນ','ອາດສະພອນ','ສະຫວັນນະເຂດ',97375384,'ການແພດ',1,0,0,0),(130057,'ຂາວພອນ ຈັນແພງເພັດຮຸ່','ນາງ','0000-00-00','ຊອກ','ນະຄອນໄກສອນ','ສະຫວັນນະເຂດ',93241936,'ການແພດ',1,0,0,0),(130058,'ດອກແຄ ບຸດສະດີ','ນາງ','0000-00-00','ຊອກ','ນະຄອນໄກສອນ','ສະຫວັນນະເຂດ',99826240,'ການແພດ',1,0,0,0),(130063,'ຫຼິງມາ ໄຊຍະເສນ','ນາງ','0000-00-00','ພະລານໄຊ','ນະຄອນໄກສອນ','ສະຫວັນນະເຂດ',93725057,'ການແພດ',1,0,0,0),(130067,'ແອນນາ ຮົ່ມສ້ອຍຄໍາ','ນາງ','0000-00-00','ບຶກທົ່ງ','ຈໍາພອນ','ສະຫວັນນະເຂດ',58665509,'ການແພດ',1,0,0,0),(130068,'ສຸກສະຫວັນ ພົມມະບຸດ','ນາງ','0000-00-00','ອຸດົມວິໄລ','ນະຄອນໄກສອນ','ສະຫວັນນະເຂດ',58816963,'ການແພດ',1,0,0,0),(130069,'ສັນຕິ ສີວິສັກ','ນາງ','0000-00-00','ອຸດົມວິໄລ','ນະຄອນໄກສອນ','ສະຫວັນນະເຂດ',58746057,'ການແພດ',1,0,0,0),(130070,'ສີລິມົນ ສຸວັນນະສິງ','ນາງ','0000-00-00','ສາລະພຸມ','ໄຊບູລີ','ສະຫວັນນະເຂດ',54545960,'ການແພດ',1,0,0,0),(130071,'ລິນລີ້ ຄໍາພານິດ','ນາງ','0000-00-00','ໂພນສະຫວັນ','ນະຄອນໄກສອນ','ສະຫວັນນະເຂດ',93849810,'ການແພດ',1,0,0,0),(130074,'ປີຍະຊັດ ດາລາທິບ','ນາງ','0000-00-00','ຕົ້ນແຫນ','ໄຊບູລີ','ສະຫວັນນະເຂດ',54016608,'ການແພດ',1,0,0,0),(130075,'ລໍາທະລີ ຈູມມະນີວົງ','ທ້າວ','0000-00-00','ດົງເຫັນ','ອາດສະພັງທອງ','ສະຫວັນນະເຂດ',96070972,'ການແພດ',1,0,0,0),(130076,'ຂາວພອນ ພົມມະນີມິດ','ນາງ','0000-00-00','ສົມສະອາດ','ໄຊບູລີ','ສະຫວັນນະເຂດ',97798042,'ການແພດ',1,0,0,0),(130098,'ວົງໃສ ສາລີລັກ','ນາງ','0000-00-00','ບຶງຊ້າງ','ຊົນນະບູລີ','ສະຫວັນນະເຂດ',58769919,'ການແພດ',1,0,0,0),(130099,'ບົວລີນ້າ ສິດທິສອນ','ນາງ','0000-00-00','ໂນນສະຫວ່າງ','ຊົນນະບູລີ','ສະຫວັນນະເຂດ',98343282,'ການແພດ',1,0,0,0),(130100,'ອາລີຍາ ກົມບັບພາ','ນາງ','0000-00-00','ໂນນສະຫວ່າງ','ຊົນນະບູລີ','ສະຫວັນນະເຂດ',98682909,'ການແພດ',1,0,0,0),(130101,'ພິດສະໝອນ ແຫວນມີໄຊ','ທ້າວ','0000-00-00','ຊອກ','ນະຄອນໄກສອນ','ສະຫວັນນະເຂດ',95449001,'ການແພດ',1,0,0,0),(130103,'ໂບ ກອງມະນີ','ນາງ','0000-00-00','ໂນນສະຫວ່າງ','ຊົນນະບູລີ','ສະຫວັນນະເຂດ',41,'ການແພດ',1,0,0,0),(130105,'ຕຸກຕາ ແສງທອງ','ນາງ','0000-00-00','ຫ້ວຍສານ','ວິລະບູລີ','ສະຫວັນນະເຂດ',98434538,'ການແພດ',1,0,0,0),(130107,'ຄອນສະຫວັນ ແສງສຸລິຈັນ','ທ້າວ','0000-00-00','ນາຄໍາ','ນະຄອນໄກສອນ','ສະຫວັນນະເຂດ',93906103,'ການແພດ',1,0,0,0),(130109,'ເພັດພອນໄຊ ໄຊຍະເກສອນ','ນາງ','0000-00-00','ຊົນເຜົ່າ','ນາເຊັງ','ສະຫວັນນະເຂດ',92344801,'ການແພດ',1,0,0,0),(130110,'ຈັນສະໝອນ ອິນທິສອນ','ທ້າວ','0000-00-00','ເຊທ່າມວກ','ພີນ','ສະຫວັນນະເຂດ',99387357,'ການແພດ',1,0,0,0),(130111,'ນາລີ ອິນທິສອນ','ທ້າວ','0000-00-00','ເຊທ່າມວກ','ພີນ','ສະຫວັນນະເຂດ',99787159,'ການແພດ',1,0,0,0),(130112,'ໝິວ ຈັນທະວົງສາ','ນາງ','0000-00-00','ມະນີລາດ','ໄຊບູລີ','ສະຫວັນນະເຂດ',98412997,'ການແພດ',1,0,0,0),(130113,'ຈັນທີ ລັບຄອນສະຫັວນ','ທ້າວ','0000-00-00','ເຫຼົ່າສຸລິຍະ','ອຸທຸມພອນ','ສະຫວັນນະເຂດ',91810205,'ການແພດ',1,0,0,0),(130114,'ສີສຸພອນ ພູນເພັດ','ນາງ','0000-00-00','ເຫຼົ່າສຸລິຍະ','ອຸທຸມພອນ','ສະຫວັນນະເຂດ',95224691,'ການແພດ',1,0,0,0),(130115,'ເພັດພາພອນ ສີສຸດາ','ນາງ','0000-00-00','ເຫຼົ່າສຸລິຍະ','ອຸທຸມພອນ','ສະຫວັນນະເຂດ',92703858,'ການແພດ',1,0,0,0),(130116,'ເພັດພະຈັນ ພົມສະຫັວນ','ນາງ','0000-00-00','ໂນນສະຫວ່າງ','ຊົນນະບູລີ','ສະຫວັນນະເຂດ',95373887,'ການແພດ',1,0,0,0),(130120,'ດາໄລ ສຸລິນທອງ','ນາງ','0000-00-00','ນອງ','ນອງ','ສະຫວັນນະເຂດ',99713446,'ການແພດ',1,0,0,0),(130122,'ສຸສາຄອນ ຫອມມະນີ','ທ້າວ','0000-00-00','ໂພໄຊຄູນ','ຊົນນະບູລີ','ສະຫວັນນະເຂດ',93733412,'ການແພດ',1,0,0,0),(130124,'ປິ໋ງຄໍາ ລາດຊະວົງ','ນາງ','0000-00-00','ໂພໄຊຄູນ','ຊົນນະບູລີ','ສະຫວັນນະເຂດ',30,'ການແພດ',1,0,0,0),(130126,'ຂັນທະວີ ພົມມະວົງສາ','ນາງ','0000-00-00','ຫ້ວຍຊາຍ','ຈໍາພອນ','ສະຫວັນນະເຂດ',99563683,'ການແພດ',1,0,0,0),(130127,'ອັນນີ້ ພົມມະລິນ','ນາງ','0000-00-00','ຫ້ວຍຊາຍ','ຈໍາພອນ','ສະຫວັນນະເຂດ',98597681,'ການແພດ',1,0,0,0),(130128,'ພູມິນ ໄຊຍະວົງສາ','ທ້າວ','0000-00-00','ຫ້ວຍຊາຍ','ຈໍາພອນ','ສະຫວັນນະເຂດ',93919365,'ການແພດ',1,0,0,0),(130129,'ຂັວນຕາ ເສົາສະຫວັນ','ນາງ','0000-00-00','ໂພນສະຫວັນ','ນະຄອນໄກສອນ','ສະຫວັນນະເຂດ',58214176,'ການແພດ',1,0,0,0),(130133,'ແຈັກກີ້ ພິມມະຈັກ','ທ້າວ','0000-00-00','ອຸທຸມພອນ','ອຸທຸມພອນ','ສະຫວັນນະເຂດ',93242040,'ການແພດ',1,0,0,0),(130134,'ທິບພະທິດາ ແກ້ວມະນີໄຊ','ນາງ','0000-00-00','ໂພນສະຫວັນ','ນະຄອນໄກສອນ','ສະຫວັນນະເຂດ',95057200,'ການແພດ',1,0,0,0),(130135,'ສຸວັນນາ ຈັນທະວາລີ','ນາງ ','0000-00-00','ເຂົາກາດ','ສອງຄອນ','ສະຫວັນນະເຂດ',94292882,'ການແພດ',1,0,0,0),(130136,'ນິດນະພາ ແກ້ວວົງສັກ','ນາງ','0000-00-00','ເຂົາກາດ','ນະຄອນໄກສອນ','ສະຫວັນນະເຂດ',99481353,'ການແພດ',1,0,0,0),(130139,'ສຸພາວະດີ ສຸວັນນະສີ','ນາງ','0000-00-00','ໂນນສະຫວ່າງ','ຊົນນະບູລີ','ສະຫວັນນະເຂດ',77821192,'ການແພດ',1,0,0,0),(130140,'ສຸກສະຫວັນ ອານຸໄຊ','ນາງ','0000-00-00','ໂນນສະຫວ່າງ','ຊົນນະບູລີ','ສະຫວັນນະເຂດ',58291946,'ການແພດ',1,0,0,0),(130141,'ເກດສະດາ ສີສົມບັດ','ນາງ','0000-00-00','ໂນນສະຫວ່າງ','ຊົນນະບູລີ','ສະຫວັນນະເຂດ',52710176,'ການແພດ',1,0,0,0),(130144,'ແກ້ວອຸດອນ ພິມມະຈັກ','ນາງ','0000-00-00','ໂພນສະຫວັນ','ຈໍາພອນ','ສະຫວັນນະເຂດ',96115719,'ການແພດ',1,0,0,0),(130145,'ສິດທິພອນ ແກ້ວຄູນມີ','ນາງ','0000-00-00','ໂພນສະຫວັນ','ນະຄອນໄກສອນ','ສະຫວັນນະເຂດ',54212988,'ການແພດ',1,0,0,0),(130149,'ສຸກສະຫວັນ ຄໍາມະນີວົງ','ນາງ','0000-00-00','ເຫຼົ່າສຸລິຍະ','ຈໍາພອນ','ສະຫວັນນະເຂດ',92647802,'ການແພດ',1,0,0,0),(130150,'ຈັນທີ ໄຊຍະສອນ','ນາງ','0000-00-00','ນາຊາຍ','ພະລານໄຊ','ສະຫວັນນະເຂດ',96113450,'ການແພດ',1,0,0,0),(130151,'ວິສະຫວັດ ໄຊຍະຜົນ','ນາງ','0000-00-00','ລະຄອນສີ','ລະຄອນເພັງ','ສາລະວັນ',54415085,'ການແພດ',1,0,0,0),(130152,'ສິນສະໝຸດ ວົງສາເສນາ','ທ້າວ','0000-00-00','ໂນນສະຫວ່າງ','ຊົນນະບູລີ','ສະຫວັນນະເຂດ',77362475,'ການແພດ',1,0,0,0),(130153,'ຝົນພັດສາ ແກ້ວດາວັນ','ນາງ','2021-08-01','ໂພນສະຫວັນ','ນະຄອນໄກສອນ','ສະຫວັນນະເຂດ',95951252,'ການແພດ',1,0,0,0);
/*!40000 ALTER TABLE `students` ENABLE KEYS */;

--
-- Table structure for table `teacher`
--

DROP TABLE IF EXISTS `teacher`;
/*!40101 SET @saved_cs_client     = @@character_set_client */;
/*!40101 SET character_set_client = utf8 */;
CREATE TABLE `teacher` (
  `id` int NOT NULL AUTO_INCREMENT,
  `name` varchar(20) NOT NULL,
  `lasname` varchar(20) NOT NULL,
  `phone` int NOT NULL,
  `Birt` date NOT NULL,
  `img` text NOT NULL,
  `comment` text NOT NULL,
  PRIMARY KEY (`id`)
) ENGINE=InnoDB DEFAULT CHARSET=utf8mb4 COLLATE=utf8mb4_0900_ai_ci;
/*!40101 SET character_set_client = @saved_cs_client */;

--
-- Dumping data for table `teacher`
--

/*!40000 ALTER TABLE `teacher` DISABLE KEYS */;
/*!40000 ALTER TABLE `teacher` ENABLE KEYS */;
/*!40103 SET TIME_ZONE=@OLD_TIME_ZONE */;

/*!40101 SET SQL_MODE=@OLD_SQL_MODE */;
/*!40014 SET FOREIGN_KEY_CHECKS=@OLD_FOREIGN_KEY_CHECKS */;
/*!40014 SET UNIQUE_CHECKS=@OLD_UNIQUE_CHECKS */;
/*!40101 SET CHARACTER_SET_CLIENT=@OLD_CHARACTER_SET_CLIENT */;
/*!40101 SET CHARACTER_SET_RESULTS=@OLD_CHARACTER_SET_RESULTS */;
/*!40101 SET COLLATION_CONNECTION=@OLD_COLLATION_CONNECTION */;
/*!40111 SET SQL_NOTES=@OLD_SQL_NOTES */;

-- Dump completed on 2021-08-27 11:22:56
